Hero_ID,Position1,Position2,Position3,Position4,Position5
1,1.0772373816452753e-07,0.018313143211707846,1.0772373816452753e-07,0.01465053611411391,0.9670361052267018
2,0.06092312447072667,0.7300511008372305,0.01839322448094889,0.007042801011008201,0.18358974920008575
3,0.13455802102088632,4.271669646156245e-07,4.271669646156245e-07,0.8611690278320635,0.00427209681312086
4,4.280812755109685e-07,0.14768846813255962,4.280812755109685e-07,4.280812755109685e-07,0.8523102476236137
5,0.0007874289545801374,1.312162897150704e-07,0.17504266169619362,0.8241696469166468,1.312162897150704e-07
6,0.009158483968724589,0.9900699941820137,0.0007713290411023613,9.640407962784168e-08,9.640407962784168e-08
7,0.3402036307947089,0.34847205004670456,0.2824445281938117,0.0197724267391092,0.009107364225665533
8,8.99846621143426e-08,0.0039594151176931885,0.0019797525511776517,0.0019797525511776517,0.9920809897952894
9,0.20962326592384747,0.004103129333150565,0.5546434589300084,0.21279372175147165,0.01883642406152176
10,0.0464121259189086,0.009143628967807309,1.1574067376118416e-07,0.00011585641443494533,0.9443282729581752
11,0.37033427686790793,0.020723660200463644,0.0020609680384222465,0.001316750252819369,0.6055643446403868
12,1.2698404635933565e-07,0.0022858398185144012,1.2698404635933565e-07,0.003682664328467093,0.9940312418849258
13,0.7810053229572902,0.048075617109853176,0.0022122089572268414,0.001769796659934626,0.16693705431569505
14,0.01618048335946347,0.18593390914459323,0.6378565069086658,0.07509182199656579,0.08493727859071167
15,0.377897692068852,0.6221020286276749,9.3101157666345e-08,9.3101157666345e-08,9.3101157666345e-08
16,0.18900578723144343,0.592466249633102,0.008144200637596475,0.029521836576456437,0.18086192592140155
17,0.7766836762063509,0.03793837078953058,0.00044253929734581495,0.00918050592826793,0.1757549077785047
18,3.5435798306523196e-07,0.04500381820726753,3.5435798306523196e-07,0.020553117375766518,0.9344423557009999
19,0.32527192405418953,0.184706901186937,0.3378726861263653,0.020427400631055553,0.1317210880014526
20,0.0024587149572680217,0.20180290739304713,0.37574249565407125,0.35013301563919724,0.06986286635641635
21,0.0013902921330113235,0.44880311629499625,0.3993592240814724,0.1208897724583618,0.02955759503215817
22,0.37149786538202023,0.04267844477099141,0.051456924048877445,0.48234951328468745,0.05201725251342336
23,0.5916996095052081,2.677372587185291e-07,0.13922364227089384,0.001071216772132835,0.26800526371450634
25,0.7561035033564762,0.03009958009328246,1.2918219275145796e-07,0.08371019008513751,0.13008659728291092
26,0.002592685915338145,0.022577556827925668,0.32602351571148436,0.6474018452517432,0.0014043962935086167
27,0.001518697077307765,0.007593105735997657,0.3480447285285077,0.641229858945587,0.0016136097125997947
28,0.16712205878753483,0.6828321477503713,0.0021631362914752436,1.13843286746763e-07,0.14788254332733186
29,0.27782951339468087,0.7163712766018036,0.0056954511258925505,0.00010365532584895625,1.0355177407488138e-07
30,9.464315036761764e-08,0.01523764185233681,0.01883408156630628,0.9651709420921152,0.0007572398460913087
31,0.024334207444382156,0.005132375394931689,0.14467748664831134,0.8253249157928874,0.0005310147194873377
32,0.6929519348284845,0.21561433637105526,0.05213537839222111,0.02515087090533022,0.01414747950290869
33,0.09033552202066662,0.6429971538517675,0.14990147948426136,3.9447653949400493e-07,0.11676545016676494
34,0.7013628697972174,0.074258320562694,1.6038479520064536e-07,0.09542911352917918,0.12894953572611406
35,0.6405695319883159,0.005354174485213412,0.20658652056444055,0.027073529107218348,0.12041624385481166
36,0.5447861258079776,0.22797436313432576,0.0012602114563627761,0.008505823529442649,0.21747347607189116
37,0.0010047996177720373,0.0006699036225141647,0.10593887813190547,0.8830092191285894,0.009377199499218855
38,0.6560175651721937,1.7268159844448415e-07,1.7268159844448415e-07,0.04368861708805293,0.30029347237655635
39,6.594129049083729e-08,0.31322119577276764,0.39723039985809433,0.010814437581787807,0.2787339008460597
40,1.0560771696709421e-07,0.09927135955678552,0.8938638220172024,1.0560771696709421e-07,0.006864607210578091
41,0.02765909063366792,0.8872250590069438,1.4257189722562214e-07,0.08511556521559364,1.4257189722562214e-07
42,0.03294255934295066,0.42525552126837873,0.0029950049974981313,0.003494130903255673,0.5353127834879168
43,0.5905267206470933,3.359080686797637e-07,0.246892766387695,3.359080686797637e-07,0.1625798411490743
44,1.32872619670064e-07,0.000398750731629862,0.020728261541149654,0.0013288590693203099,0.9775439957852805
45,0.13105793244146371,0.041167481543145465,0.20557581347601162,0.6167269193239717,0.005471853215407484
46,0.07156128982169635,1.687762288808195e-07,0.015696358062145095,0.0006752736917521589,0.9120669096481775
47,1.229255544403476e-07,0.5665640033411166,0.09686545982454835,0.002950336232122783,0.33362007767665786
48,0.9923922597563901,0.0019365131836008409,0.00013845080328436836,0.005532637944233786,1.3831249079357482e-07
49,0.2396009414634467,0.2100508092877759,0.0011294926317592397,0.0001884056197952006,0.5490303509972227
50,0.00020165169052005385,0.04532650551318945,0.3559627760246011,0.5975016141200503,0.0010074526516391502
51,0.00664864758894682,0.029492133061598137,0.6880323150082551,0.2758267338674276,1.7047377218396504e-07
52,0.6410204535949574,0.08755599147169198,0.057190893078527295,0.0035396762856964546,0.21069298556912666
53,0.48643391027553273,0.12638432559224416,0.2165005422892149,0.17068108341563992,1.384273681981117e-07
54,0.002272914514285498,0.000947158193978983,1.8939376004378783e-07,0.01704562779770095,0.9797341101002746
55,0.05957722834847343,0.7349651031038332,0.04064632336769664,5.56791322964023e-07,0.16481078838867375
56,0.12462645714960292,9.962138891144205e-08,0.007073218234101297,0.010759209623824654,0.8575410153710822
57,0.013454159779856796,0.6235380211630698,1.2573863589926072e-07,0.2415440453011157,0.12146364801732173
58,0.1379909411346965,0.13452674790199798,0.02655939214956077,0.6951486860603752,0.0057742327533696495
59,0.7026044695608931,0.16868646838942164,0.022705235614127583,0.0011144998506060378,0.10488932658495152
60,0.0973298206948329,0.7085908392116492,0.0001936917630691146,1.9349826480431033e-07,0.19388545483218375
61,0.5472150760108038,2.421304574691798e-07,2.421304574691798e-07,0.012833156376323996,0.4399512833519571
62,0.11009326323387833,0.02574646521365881,0.7892903259435112,0.07044710910826953,0.004422836500681961
63,0.008094782794506573,0.020628505253501062,0.3916789138833171,0.10427369471942957,0.47532410334924563
64,0.006362240034074459,0.02444420558391187,0.1605277389071327,0.8082639270479751,0.00040188842690583077
65,0.48387045329747497,3.624495062531601e-07,0.007611802080822616,0.3327290091899072,0.1757883729822889
66,0.0014221697861770215,0.17199725658402068,0.8265791521707457,7.107295283243486e-07,7.107295283243486e-07
67,1.663338603344475e-07,0.00016650019419478193,0.010811867255599423,0.0011645033562014669,0.987856962860144
68,0.0799801463417473,1.6627854482994278e-07,0.06019299950698411,0.85683350778724,0.0029931800854838
69,3.968246094749812e-07,0.663094319257303,3.968246094749812e-07,0.10992081364917926,0.2269840734442987
70,0.0052946143312296865,0.025810817443846543,1.1030216727213363e-07,0.0002207146367115394,0.9686737432860448
71,0.15246516337138274,0.07882991031171496,0.7668820892727197,9.113273893523241e-08,0.0018227459114435835
72,0.9260069851960128,0.0022041859223977307,0.068954763102359,0.002833908348623781,1.5743060655651245e-07
73,0.05383413952257462,0.1024656158497898,0.25944349757577745,0.19452613150177392,0.3897306155500842
74,0.6268106678151694,0.050256337682098924,0.00027863821076492905,0.16687096978187826,0.15578338651008844
75,0.06214776423225338,0.03588626709317538,0.06448517497238074,0.8369306772097641,0.0005501164924264456
76,2.0764098043918143e-07,0.329111161637083,0.3436460302678257,0.0076829239172301516,0.31955967653688067
77,0.2122092579605452,0.6358995788532745,7.267415452705478e-07,7.267415452705478e-07,0.15188970970308976
78,0.4180915657704945,3.8008289607963494e-07,0.3329529970486563,0.0011406287711349845,0.24781442832681805
79,0.036556004672974374,2.2021556902051417e-07,0.30037425635955034,0.6630692985363372,2.2021556902051417e-07
80,0.331632279953855,0.21088432289024125,0.06122488314942419,5.668918172000647e-07,0.3962579471146624
81,2.7495150542823007e-07,0.3744842253447548,2.7495150542823007e-07,0.049216594423158615,0.5762986303290758
82,0.6326721963559496,4.950482795834664e-07,0.02227766762953557,0.0004955433278630498,0.3445540976383722
83,0.0001519428112152313,1.5179102019503625e-07,0.44611396014423177,0.5487246897960762,0.005009255457456391
84,0.005717301828840311,0.10280760448820596,0.4527819026126071,0.42838171088223026,0.01031148018811629
85,0.09816954667142995,1.4762315646356918e-07,0.6118981311646506,0.2899320269176063,1.4762315646356918e-07
86,0.28914502904658207,0.00010678831604538475,0.42336422687473935,0.25237483926383836,0.035009116498794825
87,1.0765415671538554e-07,0.003337386512333667,0.20540423866711233,0.7912581595122404,1.0765415671538554e-07
88,0.15924390717176914,0.10496927898519332,0.6217954877592097,0.11399118287900407,1.4320482371128187e-07
89,0.012223788297218116,7.63939022387233e-07,7.63939022387233e-07,0.15890008059556684,0.8288746032291702
90,0.5429037245813125,0.0963698079706139,0.2877886340121551,3.300324586923124e-07,0.07293750340345972
91,0.0017150176354292946,0.0013720826953314553,0.12105637678947737,0.6519196640609326,0.22393685881882916
92,0.3649820325361562,0.49211410989039284,0.13356946641540646,3.218533603904725e-07,0.009334069304684093
93,7.218129342381498e-08,0.9722820946000813,7.218129342381498e-08,0.027717688856038376,7.218129342381498e-08
94,0.014251342857272805,0.05943017066378007,3.032136094396461e-07,3.032136094396461e-07,0.9263178800517283
95,0.03213553339996351,0.001089866313000237,5.446608260870749e-07,5.446608260870749e-07,0.9667735109653841
96,0.06620719071722624,0.7284212778821787,0.0018671536211736165,1.4361615423226033e-07,0.20350423416326713
97,0.039200683576443934,0.6185838164728771,0.20924075102880219,0.03561370073716767,0.09736104818470911
98,0.11828952744110034,0.675526002943419,0.006315916897423093,0.002368551073321662,0.19750000164473572
99,0.07067833384537749,0.6930905872483487,3.1836943908080365e-07,3.1836943908080365e-07,0.2362304421673954
100,0.09230146400782926,0.07402497752451627,0.828568190438947,1.0210327644308941e-07,0.005105265925430914
101,0.2970153043335276,0.0019345716683115697,0.033784774842899386,0.6458475729419743,0.021417776213287196
102,0.004588574319940964,0.3257709332514233,0.23018094547419643,2.5490663407260503e-07,0.43945929204780515
103,0.005004270892527189,0.1851322904492836,0.6611849135635685,7.147937283998271e-07,0.14867781030089244
104,8.727522810471805e-08,0.7868735438673661,8.727522810471805e-08,0.000436463415751695,0.21268981816642601
105,0.05668595221628136,1.2795897123546305e-07,0.5980803595135256,0.33934731967541926,0.005886240635802535
106,0.7481835505886529,0.06193250003064836,0.0008173806677348947,0.015437788123052977,0.17362878058991071
107,0.3358017405672985,0.09835697945269674,0.5327466642598191,2.3142764241189256e-07,0.03309438429254305
108,0.2836055577489554,0.7132412487523295,0.0030095994485529885,0.0001434507427266102,1.4330743529131892e-07
109,0.021118848027281915,3.91082536013813e-07,3.91082536013813e-07,0.049276790620276456,0.9296035791873697
110,0.3042123225954297,1.4832382948395912e-07,0.5479083744375746,0.1284485846569381,0.01943056998622813
111,0.07721903681666642,3.204096116475301e-07,3.204096116475301e-07,0.9115656655468349,0.011214656817275202
112,0.0027136128347152997,0.12925514398724225,0.35298451777933176,0.5081397284907148,0.00690699690799592
113,0.8244586719547221,0.0733027135364322,3.8580172491951195e-07,3.8580172491951195e-07,0.10223784290539559
114,0.21178119436866924,0.07212996180128049,0.08154690287827801,0.0028052466387030266,0.6317366943130692
119,0.052361708507245246,0.05943759115726944,0.4486111369085999,0.43958938652981905,1.7689706625060473e-07
120,0.4503198442311853,0.4022430495645044,0.014423572586611682,5.341866074075657e-07,0.13301299943109127
121,2.8752115077465384e-07,0.14289829945615373,2.8752115077465384e-07,0.8407121323862387,0.016388993115306043
123,0.0003254714334162057,0.03334431250462548,0.7241375047678067,0.23747557134387492,0.004717139950276552
126,0.6517839555227515,0.12560923942050034,0.032227769039640745,1.5720786259403976e-07,0.19037887880924473
128,0.07871795974666523,0.08885229268660576,0.24652365865916884,0.5859059710664795,1.1784108069698285e-07
129,0.08370125348340106,8.6557566624441e-08,0.9103260147468125,0.005972558654653053,8.6557566624441e-08
131,0.030646423888048092,0.058183590735519944,0.011325992309579935,0.8998437709929259,2.2207392618928916e-07
135,0.27770353070424303,0.6715616330711108,0.044058893706948585,0.006675751787381471,1.9073031591615874e-07
136,0.3538252705572464,0.2477001932912348,0.0006733221075587754,0.3780567892564626,0.019744424787497435
137,0.2607680237979802,0.5677908255985299,2.1217885404322715e-07,2.1217885404322715e-07,0.17144072624578158
138,0.8228271619964839,0.00032258558553475286,0.00032258558553475286,0.17652750562025982,1.6121218667403943e-07
145,0.26838227437698253,2.2977914777211883e-07,0.02757372751180203,2.2977914777211883e-07,0.7040435385529199
155,0.0840864725942161,0.3273088318970501,0.24506046480282978,0.34277826406933365,0.000765966636570197
